dataset,split_kind,cell,approach,reactant_tokens,attention_on,reactant_pooling,head,n_successful,train_r2_mean,train_r2_std,train_mae_mean,train_mae_std,train_rmse_mean,train_rmse_std,test_r2_mean,test_r2_std,test_mae_mean,test_mae_std,test_rmse_mean,test_rmse_std,trainable_parameters_mean,trainable_parameters_std,epochs_ran_mean,epochs_ran_std,train_runtime_sec_mean,train_runtime_sec_std,seconds_per_epoch_mean,seconds_per_epoch_std,peak_gpu_memory_mb_mean,peak_gpu_memory_mb_std
bh,cv,comb-none-mean-linear,unlabeled,comb,none,mean,linear,1,-0.31067315475091384,,25.756712096277624,,33.16258806819608,,-0.25683127166675424,,24.8499572891742,,30.519153114437565,,7489.0,,2.0,,3.451805591583252,,1.725902795791626,,,
bh,cv,comb-none-mean-mlp,unlabeled,comb,none,mean,mlp,1,-0.636131492555599,,27.791417794767767,,37.05188575035922,,-0.5354273468744923,,26.103116484358907,,33.73250743580656,,9537.0,,2.0,,3.193898916244507,,1.5969494581222534,,,
bh,cv,comb-none-rn-linear,unlabeled,comb,none,rn,linear,1,-0.4140646644408199,,26.313838871661574,,34.44576617417539,,-0.3005368576016678,,24.79604789800942,,31.045261436035982,,12801.0,,2.0,,3.052492380142212,,1.526246190071106,,,
bh,cv,comb-none-rn-mlp,unlabeled,comb,none,rn,mlp,1,-0.9547436439210975,,30.298347415868193,,40.49916964909391,,-0.8204301444111459,,27.704673232510686,,36.73000591230623,,14849.0,,2.0,,3.0384724140167236,,1.5192362070083618,,,
bh,cv,comb-reactants-mean-linear,approach_3,comb,reactants,mean,linear,1,-0.4546356349257481,,26.524995284620672,,34.93641400411384,,-0.33793733630591105,,24.96039775200188,,31.488492954275,,10721.0,,2.0,,3.006368398666382,,1.503184199333191,,,
bh,cv,comb-reactants-mean-mlp,approach_2,comb,reactants,mean,mlp,1,-0.9345302521331456,,30.119870776776224,,40.28923089661019,,-0.7997020852655949,,27.55807633884251,,36.52029685245935,,12769.0,,2.0,,2.9796669483184814,,1.4898334741592407,,,
bh,cv,comb-reactants-rn-linear,approach_1,comb,reactants,rn,linear,1,-0.5070580592218699,,26.856166081968695,,35.56036467643599,,-0.3868591936934398,,25.217637630179524,,32.059014948547784,,16033.0,,2.0,,3.4612183570861816,,1.7306091785430908,,,
bh,cv,comb-reactants-rn-mlp,approach_1,comb,reactants,rn,mlp,1,-0.9595551419486974,,30.32582669192925,,40.548982296500796,,-0.8242983455190469,,27.718350337818265,,36.76900868721108,,18081.0,,2.0,,3.1078641414642334,,1.5539320707321167,,,
bh,cv,ind-none-mean-linear,control,ind,none,mean,linear,1,-0.5187868160630735,,26.911819177214056,,35.69847167434547,,-0.4198431322016005,,25.556844564154744,,32.438007630208126,,7489.0,,2.0,,3.109624147415161,,1.5548120737075806,,,
bh,cv,ind-none-mean-mlp,control,ind,none,mean,mlp,1,-0.7992037166482759,,28.998830916825682,,38.854505310470465,,-0.6804942211384977,,26.859011920168996,,35.29006845167444,,9537.0,,2.0,,2.9504663944244385,,1.4752331972122192,,,
bh,cv,ind-none-rn-linear,A,ind,none,rn,linear,1,-0.4091344763254381,,26.288143726531416,,34.38566553154218,,-0.2959775532724167,,24.77395829744637,,30.99079582604715,,12801.0,,2.0,,3.670351028442383,,1.8351755142211914,,,
bh,cv,ind-none-rn-mlp,A,ind,none,rn,mlp,1,-0.9403342120368083,,30.176321687642485,,40.34962332367559,,-0.8061498590714133,,27.60906475968659,,36.58565880436511,,14849.0,,2.0,,3.0685911178588867,,1.5342955589294434,,,
bh,cv,ind-reactants-mean-linear,baseline,ind,reactants,mean,linear,1,-0.45484432211326475,,26.526155772153288,,34.93891996517164,,-0.3381250411854946,,24.960888089612126,,31.490701703641886,,10721.0,,2.0,,3.538874626159668,,1.769437313079834,,,
bh,cv,ind-reactants-mean-mlp,unlabeled,ind,reactants,mean,mlp,1,-0.922326938098242,,30.015093150082976,,40.161954530255095,,-0.7876273169065902,,27.47550626285374,,36.39757757607054,,12769.0,,2.0,,3.072256565093994,,1.536128282546997,,,
bh,cv,ind-reactants-rn-linear,B,ind,reactants,rn,linear,1,-0.5007693219835567,,26.815990956965834,,35.48609296209621,,-0.3810121618664877,,25.184939237311482,,31.991362777115313,,16033.0,,2.0,,3.218944549560547,,1.6094722747802734,,,
bh,cv,ind-reactants-rn-mlp,B,ind,reactants,rn,mlp,1,-0.9601786851709193,,30.33262492949143,,40.55543325862757,,-0.8250349918150934,,27.72427417524159,,36.776431546632686,,18081.0,,2.0,,3.9598546028137207,,1.9799273014068604,,,
bh,test,comb-none-mean-linear,unlabeled,comb,none,mean,linear,1,-0.4554694779115165,,29.334450183436275,,36.68907487072217,,-0.03082186418348276,,9.943707232363522,,13.81302677161723,,7489.0,,2.0,,2.9448862075805664,,1.4724431037902832,,,
bh,test,comb-none-mean-mlp,unlabeled,comb,none,mean,mlp,1,-0.6780034136045046,,30.110447196289897,,39.39414052394344,,-0.24115701609121465,,10.42384344805032,,15.156900725235372,,9537.0,,2.0,,2.8133788108825684,,1.4066894054412842,,,
bh,test,comb-none-rn-linear,unlabeled,comb,none,rn,linear,1,-0.5715965029321126,,29.786883844062686,,38.124638699933094,,-0.11108877980147236,,9.878683124668896,,14.340735432850504,,12801.0,,2.0,,3.201061487197876,,1.600530743598938,,,
bh,test,comb-none-rn-mlp,unlabeled,comb,none,rn,mlp,1,-0.9160640065643584,,31.500763034448028,,42.09594042425183,,-0.6503594221235909,,12.171562408097088,,17.47778172417519,,14849.0,,2.0,,3.243353843688965,,1.6216769218444824,,,
bh,test,comb-reactants-mean-linear,approach_3,comb,reactants,mean,linear,1,-0.6061300430074399,,29.911297975108027,,38.541229296987275,,-0.15012777500475094,,10.028069590218365,,14.590497097785503,,10721.0,,2.0,,2.932408332824707,,1.4662041664123535,,,
bh,test,comb-reactants-mean-mlp,approach_2,comb,reactants,mean,mlp,1,-0.9514571050651897,,31.75895237736404,,42.482954710344615,,-0.7148664720799078,,12.48597449529916,,17.81608177648872,,12769.0,,2.0,,2.910407781600952,,1.455203890800476,,,
bh,test,comb-reactants-rn-linear,approach_1,comb,reactants,rn,linear,1,-0.6222128574889045,,29.958307264372706,,38.73371291924166,,-0.1725893051006684,,10.138757740147412,,14.73228144970284,,16033.0,,2.0,,3.6683497428894043,,1.8341748714447021,,,
bh,test,comb-reactants-rn-mlp,approach_1,comb,reactants,rn,mlp,1,-0.9327274833065085,,31.6185505669564,,42.278592519044246,,-0.6760877107293473,,12.294945706613362,,17.613489858040378,,18081.0,,2.0,,3.4554965496063232,,1.7277482748031616,,,
bh,test,ind-none-mean-linear,control,ind,none,mean,linear,1,-0.582184559258597,,29.813922522589564,,38.25284852166197,,-0.12608943195172562,,9.940592979080975,,14.437216996976908,,7489.0,,2.0,,3.041327476501465,,1.5206637382507324,,,
bh,test,ind-none-mean-mlp,control,ind,none,mean,mlp,1,-0.8147624204075479,,30.87066967599094,,40.96803166346196,,-0.45737757479509744,,11.258333166129887,,16.424156856821256,,9537.0,,2.0,,2.94638991355896,,1.47319495677948,,,
bh,test,ind-none-rn-linear,A,ind,none,rn,linear,1,-0.5688001148267232,,29.77626278810203,,38.09070545040771,,-0.10838496516502505,,9.868664477951825,,14.323275843126208,,12801.0,,2.0,,2.8645522594451904,,1.4322761297225952,,,
bh,test,ind-none-rn-mlp,A,ind,none,rn,mlp,1,-0.907290608702084,,31.4372801464051,,41.99945403997608,,-0.6334216004954067,,12.091386099345982,,17.387862210386967,,14849.0,,2.0,,3.0651516914367676,,1.5325758457183838,,,
bh,test,ind-reactants-mean-linear,baseline,ind,reactants,mean,linear,1,-0.6061251776918091,,29.911159051582217,,38.54117092207917,,-0.15000542763170377,,10.026979361660779,,14.589721029027574,,10721.0,,2.0,,2.9923508167266846,,1.4961754083633423,,,
bh,test,ind-reactants-mean-mlp,unlabeled,ind,reactants,mean,mlp,1,-0.9518512651981124,,31.761887772008777,,42.487244899855824,,-0.7155639934595097,,12.489439626224339,,17.819704750848405,,12769.0,,2.0,,3.024991035461426,,1.512495517730713,,,
bh,test,ind-reactants-rn-linear,B,ind,reactants,rn,linear,1,-0.617859417059115,,29.942800907418132,,38.681704270878875,,-0.1674394186069641,,10.117918555624783,,14.699894550418088,,16033.0,,2.0,,3.193852186203003,,1.5969260931015015,,,
bh,test,ind-reactants-rn-mlp,B,ind,reactants,rn,mlp,1,-0.9407821644774041,,31.6788797583431,,42.36659936972073,,-0.6925979217596621,,12.375363831408322,,17.70002763432447,,18081.0,,2.0,,3.0210952758789062,,1.5105476379394531,,,
suzuki,cv,comb-none-mean-linear,unlabeled,comb,none,mean,linear,1,-2.825497615519348,,0.5108497985638678,,0.5877283244863581,,-2.8325455680198823,,0.49019969953224063,,0.5829276052860678,,7489.0,,2.0,,5.065504789352417,,2.5327523946762085,,,
suzuki,cv,comb-none-mean-mlp,unlabeled,comb,none,mean,mlp,1,-0.2064384363228442,,0.27755612740293145,,0.3300541790119784,,-0.1642433139947066,,0.2711781710386276,,0.3212867645106076,,9537.0,,2.0,,4.553567171096802,,2.276783585548401,,,
suzuki,cv,comb-none-rn-linear,unlabeled,comb,none,rn,linear,1,-0.6274318593846435,,0.3105877125635743,,0.38333993095516067,,-0.6143798725174965,,0.28992375545203686,,0.37833265307254593,,12801.0,,2.0,,6.023890733718872,,3.011945366859436,,,
suzuki,cv,comb-none-rn-mlp,unlabeled,comb,none,rn,mlp,1,-0.04902228090544991,,0.25988973630592227,,0.30776909658838636,,-0.051759216633519234,,0.2661493429914117,,0.3053719356939639,,14849.0,,2.0,,4.8875439167022705,,2.4437719583511353,,,
suzuki,cv,comb-reactants-mean-linear,approach_3,comb,reactants,mean,linear,1,-3.3643521169828654,,0.5500069190748036,,0.6277584172103654,,-3.427075312924294,,0.552004904486239,,0.6265120290542391,,10721.0,,2.0,,3.691178321838379,,1.8455891609191895,,,
suzuki,cv,comb-reactants-mean-mlp,approach_2,comb,reactants,mean,mlp,1,-0.02873382650681644,,0.258595151361078,,0.30477838515313066,,-0.042749035688893544,,0.2639194969087839,,0.30406109643342094,,12769.0,,2.0,,3.789100408554077,,1.8945502042770386,,,
suzuki,cv,comb-reactants-rn-linear,approach_1,comb,reactants,rn,linear,1,-1.4338762614170468,,0.38412771560251713,,0.4687938448627296,,-1.428150963815539,,0.36330998223274946,,0.4639901926149507,,16033.0,,2.0,,4.982489109039307,,2.4912445545196533,,,
suzuki,cv,comb-reactants-rn-mlp,approach_1,comb,reactants,rn,mlp,1,-0.06898956947049095,,0.26194423343986273,,0.3106843571810878,,-0.06531292083941143,,0.2669808501377702,,0.30733325526155475,,18081.0,,2.0,,5.439321994781494,,2.719660997390747,,,
suzuki,cv,ind-none-mean-linear,control,ind,none,mean,linear,1,-1.6209586377783336,,0.4016200846526772,,0.4864774759087912,,-1.6207661823813644,,0.3781836359994486,,0.48204224102269133,,7489.0,,2.0,,3.7538323402404785,,1.8769161701202393,,,
suzuki,cv,ind-none-mean-mlp,control,ind,none,mean,mlp,1,-0.13207121167121216,,0.26868724916130304,,0.3197197956398306,,-0.11808797829624074,,0.2695400766097009,,0.31485380619256587,,9537.0,,2.0,,4.0463337898254395,,2.0231668949127197,,,
suzuki,cv,ind-none-rn-linear,A,ind,none,rn,linear,1,-0.879677233926839,,0.33266846695914865,,0.4119782553844908,,-0.8234054775328283,,0.3039981862530112,,0.4020801065359836,,12801.0,,2.0,,3.9579977989196777,,1.9789988994598389,,,
suzuki,cv,ind-none-rn-mlp,A,ind,none,rn,mlp,1,-0.026727353503652518,,0.2573922979645431,,0.30448101567644126,,-0.036873235702526985,,0.2654094574972987,,0.3032032072970522,,14849.0,,2.0,,3.6679868698120117,,1.8339934349060059,,,
suzuki,cv,ind-reactants-mean-linear,baseline,ind,reactants,mean,linear,1,-3.24202142767731,,0.5395270572043955,,0.6188980045026204,,-3.287340404944473,,0.5401779999956489,,0.6165452301283133,,10721.0,,2.0,,3.3440284729003906,,1.6720142364501953,,,
suzuki,cv,ind-reactants-mean-mlp,unlabeled,ind,reactants,mean,mlp,1,-0.13643210270673123,,0.2699553039856255,,0.32033500563448897,,-0.17039406202703566,,0.2749549010768533,,0.32213433252147045,,12769.0,,2.0,,3.4843177795410156,,1.7421588897705078,,,
suzuki,cv,ind-reactants-rn-linear,B,ind,reactants,rn,linear,1,-1.5043861085479149,,0.3907867530360818,,0.47553588629081833,,-1.517602609284074,,0.3733852989971638,,0.4724594595019795,,16033.0,,2.0,,5.616830825805664,,2.808415412902832,,,
suzuki,cv,ind-reactants-rn-mlp,B,ind,reactants,rn,mlp,1,-0.10361766992386534,,0.26600000262260437,,0.31567629888798543,,-0.09525884126288897,,0.2691822061315179,,0.311622884025235,,18081.0,,2.0,,5.593303918838501,,2.7966519594192505,,,
