dataset,kind,split,seed,label,cell,reactant_tokens,attention_on,reactant_pooling,head,profile,note,epochs,patience,emb_dim,batch_size,lr,best_epoch,epochs_ran,n_train,n_valid,n_test,train_r2,train_mae,train_rmse,test_r2,test_mae,test_rmse,test_pearson,trainable_parameters,train_runtime_sec,seconds_per_epoch,peak_gpu_mem_mb,peak_rss_mb,status,error
Buchwald-Hartwig,cv,fullcv01_split70,42,A_linear,ind/none/rn/linear,ind,none,rn,linear,laptop_smoke_correctness_only,not a result,1,0,32,8,0.001,0,1,64,32,32,-0.9304138605809738,27.962766174227,36.74964232227321,-1.01067833172248,30.47781783901155,38.47068975695743,-0.269546656418361,17025,1.8634896278381348,1.8634896278381348,,485.2,success,
Buchwald-Hartwig,test,test1,42,A_linear,ind/none/rn/linear,ind,none,rn,linear,laptop_smoke_correctness_only,not a result,1,0,32,8,0.001,0,1,64,32,32,-1.010115555856875,30.940701393410563,39.31194877755816,-0.9060506802975968,24.83493494987488,32.67448437814977,-0.1996603980941217,17025,2.5464673042297363,2.5464673042297363,,484.8,success,
Buchwald-Hartwig,cv,fullcv01_split70,42,A_mlp,ind/none/rn/mlp,ind,none,rn,mlp,laptop_smoke_correctness_only,not a result,1,0,32,8,0.001,0,1,64,32,32,-1.3829842625528346,31.489598223939534,40.83085649354381,-1.4704815535115627,33.45644493587315,42.6431700165976,-0.2726880081603942,19073,1.6822633743286133,1.6822633743286133,,487.0,success,
Buchwald-Hartwig,test,test1,42,A_mlp,ind/none/rn/mlp,ind,none,rn,mlp,laptop_smoke_correctness_only,not a result,1,0,32,8,0.001,0,1,64,32,32,-1.4510811532840822,33.917856419458985,43.41031190993517,-1.4111828130877395,28.341671980917454,36.74993629363658,-0.2221168479933614,19073,1.296760082244873,1.296760082244873,,485.4,success,
Buchwald-Hartwig,cv,fullcv01_split70,42,B_linear,ind/reactants/rn/linear,ind,reactants,rn,linear,laptop_smoke_correctness_only,not a result,1,0,32,8,0.001,0,1,64,32,32,-0.846563425354528,27.4048164896667,35.94264368684252,-0.9245031264968528,29.87245318852365,37.63725874013815,-0.2752934519695789,20257,1.7471258640289309,1.7471258640289309,,486.3,success,
Buchwald-Hartwig,test,test1,42,B_linear,ind/reactants/rn/linear,ind,reactants,rn,linear,laptop_smoke_correctness_only,not a result,1,0,32,8,0.001,0,1,64,32,32,-0.9289015743372016,30.38111299835145,38.509607729416345,-0.8146522349044683,24.255461245775223,31.881461712180943,-0.2096271457183404,20257,1.508451223373413,1.508451223373413,,485.5,success,
Buchwald-Hartwig,cv,fullcv01_split70,42,B_mlp,ind/reactants/rn/mlp,ind,reactants,rn,mlp,laptop_smoke_correctness_only,not a result,1,0,32,8,0.001,0,1,64,32,32,-1.1683495937069814,29.783063556998968,38.94866302445926,-1.2534247423176206,32.04527980647981,40.72679207744258,-0.2701520223763812,22305,1.4869415760040283,1.4869415760040283,,487.6,success,
Buchwald-Hartwig,test,test1,42,B_mlp,ind/reactants/rn/mlp,ind,reactants,rn,mlp,laptop_smoke_correctness_only,not a result,1,0,32,8,0.001,0,1,64,32,32,-1.2227769468163077,32.37085856311023,41.33919382295196,-1.146283968386808,26.402729228138924,34.672496398376104,-0.19673511841359,22305,1.5629184246063232,1.5629184246063232,,484.9,success,
Buchwald-Hartwig,cv,fullcv01_split70,42,approach1_linear,comb/reactants/rn/linear,comb,reactants,rn,linear,laptop_smoke_correctness_only,not a result,1,0,32,8,0.001,0,1,64,32,32,-0.8618840972273951,27.50168309733272,36.0914411661109,-0.9402387795965584,29.984838193282485,37.79081555701072,-0.2761867944912732,20257,1.5334722995758057,1.5334722995758057,,489.0,success,
Buchwald-Hartwig,test,test1,42,approach1_linear,comb/reactants/rn/linear,comb,reactants,rn,linear,laptop_smoke_correctness_only,not a result,1,0,32,8,0.001,0,1,64,32,32,-0.9290657816515876,30.38212597928941,38.51124685522039,-0.814736788778389,24.256023228168488,31.88220446322748,-0.2098530464584888,20257,1.6796307563781738,1.6796307563781738,,488.7,success,
Buchwald-Hartwig,cv,fullcv01_split70,42,approach1_mlp,comb/reactants/rn/mlp,comb,reactants,rn,mlp,laptop_smoke_correctness_only,not a result,1,0,32,8,0.001,0,1,64,32,32,-1.1623928903603056,29.73542884364724,38.895128025359234,-1.2474002454421722,32.00785758160055,40.67231441127108,-0.2690596892148211,22305,1.3966636657714844,1.3966636657714844,,490.6,success,
Buchwald-Hartwig,test,test1,42,approach1_mlp,comb/reactants/rn/mlp,comb,reactants,rn,mlp,laptop_smoke_correctness_only,not a result,1,0,32,8,0.001,0,1,64,32,32,-1.232911143820321,32.43813650123775,41.43332452456626,-1.15771660852148,26.48101206123829,34.76471898077625,-0.1948969029256756,22305,1.4046847820281982,1.4046847820281982,,488.2,success,
Buchwald-Hartwig,cv,fullcv01_split70,42,approach2,comb/reactants/mean/mlp,comb,reactants,mean,mlp,laptop_smoke_correctness_only,not a result,1,0,32,8,0.001,0,1,64,32,32,-1.3405255125779996,31.138893838971853,40.46547033937931,-1.4276082941291093,33.17972142063081,42.27153128988001,-0.2774371739370809,16993,1.375236749649048,1.375236749649048,,486.5,success,
Buchwald-Hartwig,test,test1,42,approach2,comb/reactants/mean/mlp,comb,reactants,mean,mlp,laptop_smoke_correctness_only,not a result,1,0,32,8,0.001,0,1,64,32,32,-1.4201529138377254,33.70177313126624,43.13556238417835,-1.3750677919730352,28.041150227189064,36.47367517248802,-0.2235055580440342,16993,1.4511659145355225,1.4511659145355225,,485.0,success,
Buchwald-Hartwig,cv,fullcv01_split70,42,approach3,comb/reactants/mean/linear,comb,reactants,mean,linear,laptop_smoke_correctness_only,not a result,1,0,32,8,0.001,0,1,64,32,32,-1.2340880790451028,30.2667374946177,39.534663672021686,-1.3201534226264378,32.45614221505821,41.32539621758482,-0.2572593706961857,14945,1.3447644710540771,1.3447644710540771,,486.7,success,
Buchwald-Hartwig,test,test1,42,approach3,comb/reactants/mean/linear,comb,reactants,mean,linear,laptop_smoke_correctness_only,not a result,1,0,32,8,0.001,0,1,64,32,32,-1.3083475489469871,32.9300644826144,42.12740033291698,-1.2425888276279349,27.049841485917568,35.4418471288662,-0.1634997923392443,14945,1.376232624053955,1.376232624053955,,485.4,success,
Buchwald-Hartwig,cv,fullcv01_split70,42,baseline,ind/reactants/mean/linear,ind,reactants,mean,linear,laptop_smoke_correctness_only,not a result,1,0,32,8,0.001,0,1,64,32,32,-1.2341244365406991,30.26698863878846,39.53498536379515,-1.3201824775894764,32.45613154582679,41.32565497290869,-0.2563119253051218,14945,1.5731980800628662,1.5731980800628662,,485.5,success,
Buchwald-Hartwig,test,test1,42,baseline,ind/reactants/mean/linear,ind,reactants,mean,linear,laptop_smoke_correctness_only,not a result,1,0,32,8,0.001,0,1,64,32,32,-1.3109624007635734,32.94673591665924,42.15125413497704,-1.245584940397397,27.069474086165428,35.46551449183491,-0.1632023171425734,14945,1.497743844985962,1.497743844985962,,486.1,success,
Buchwald-Hartwig,cv,fullcv01_split70,42,baseline_mlp,ind/reactants/mean/mlp,ind,reactants,mean,mlp,laptop_smoke_correctness_only,not a result,1,0,32,8,0.001,0,1,64,32,32,-1.354226776033883,31.251604441553354,40.58373844584506,-1.4414648739353324,33.26832662336528,42.39200076357202,-0.2755761973741205,16993,1.4252915382385254,1.4252915382385254,,485.8,success,
Buchwald-Hartwig,test,test1,42,baseline_mlp,ind/reactants/mean/mlp,ind,reactants,mean,mlp,laptop_smoke_correctness_only,not a result,1,0,32,8,0.001,0,1,64,32,32,-1.4080380557916796,33.61660354398191,43.02746242872573,-1.3608983918876936,27.923314079642296,36.36471339586806,-0.2211335275990368,16993,1.3410499095916748,1.3410499095916748,,484.5,success,
Buchwald-Hartwig,cv,fullcv01_split70,42,comb_none_mean_linear,comb/none/mean/linear,comb,none,mean,linear,laptop_smoke_correctness_only,not a result,1,0,32,8,0.001,0,1,64,32,32,-0.6706956299870628,26.386231150478125,34.1882263987846,-0.7525803190586628,28.90119949541986,35.916800249072686,-0.1698539627715241,11713,1.349698543548584,1.349698543548584,,486.0,success,
Buchwald-Hartwig,test,test1,42,comb_none_mean_linear,comb/none/mean/linear,comb,none,mean,linear,laptop_smoke_correctness_only,not a result,1,0,32,8,0.001,0,1,64,32,32,-0.6908610261735508,28.72934720478952,36.05520904957252,-0.5642915976791372,22.391608864068985,29.600590659096287,-0.2936908072532975,11713,1.2991507053375244,1.2991507053375244,,485.8,success,
Buchwald-Hartwig,cv,fullcv01_split70,42,comb_none_mean_mlp,comb/none/mean/mlp,comb,none,mean,mlp,laptop_smoke_correctness_only,not a result,1,0,32,8,0.001,0,1,64,32,32,-1.0055935146226642,28.55641570314765,37.45841192625,-1.0919391293980665,31.091410180553797,39.2403792291958,-0.2036319354629545,13761,1.3207213878631592,1.3207213878631592,,486.0,success,
Buchwald-Hartwig,test,test1,42,comb_none_mean_mlp,comb/none/mean/mlp,comb,none,mean,mlp,laptop_smoke_correctness_only,not a result,1,0,32,8,0.001,0,1,64,32,32,-1.1384827829442297,31.817522114142776,40.54776679559604,-1.0547653251039375,25.734103620052338,33.925217058651306,-0.3079426124757556,13761,1.317253589630127,1.317253589630127,,485.4,success,
Buchwald-Hartwig,cv,fullcv01_split70,42,comb_none_rn_linear,comb/none/rn/linear,comb,none,rn,linear,laptop_smoke_correctness_only,not a result,1,0,32,8,0.001,0,1,64,32,32,-0.9366837315497922,28.006169501692057,36.80927428239657,-1.0172097652037837,30.522464966401454,38.53312267430947,-0.2705287130999263,17025,1.4155921936035156,1.4155921936035156,,489.5,success,
Buchwald-Hartwig,test,test1,42,comb_none_rn_linear,comb/none/rn/linear,comb,none,rn,linear,laptop_smoke_correctness_only,not a result,1,0,32,8,0.001,0,1,64,32,32,-1.0142242596875963,30.96967655234039,39.35210534976283,-0.9104896115112568,24.86277635395527,32.71250945372267,-0.2024128787602745,17025,1.4421164989471436,1.4421164989471436,,488.3,success,
Buchwald-Hartwig,cv,fullcv01_split70,42,comb_none_rn_mlp,comb/none/rn/mlp,comb,none,rn,mlp,laptop_smoke_correctness_only,not a result,1,0,32,8,0.001,0,1,64,32,32,-1.3722719301097397,31.401360232383013,40.73897876227274,-1.4596683947441091,33.385634487494826,42.549744296705406,-0.2803661231298606,19073,1.3518452644348145,1.3518452644348145,,489.4,success,
Buchwald-Hartwig,test,test1,42,comb_none_rn_mlp,comb/none/rn/mlp,comb,none,rn,mlp,laptop_smoke_correctness_only,not a result,1,0,32,8,0.001,0,1,64,32,32,-1.4494203631445863,33.905823117122054,43.39560255718289,-1.4090923498173415,28.32274866104126,36.73400198740176,-0.2255384798278272,19073,1.333303689956665,1.333303689956665,,489.8,success,
Buchwald-Hartwig,cv,fullcv01_split70,42,control_linear,ind/none/mean/linear,ind,none,mean,linear,laptop_smoke_correctness_only,not a result,1,0,32,8,0.001,0,1,64,32,32,-0.8636550081382357,27.547062683850527,36.10860107856661,-0.9481010059761236,30.12251383624971,37.867306028543965,-0.2118749197013499,11713,1.5792522430419922,1.5792522430419922,,482.9,success,
Buchwald-Hartwig,test,test1,42,control_linear,ind/none/mean/linear,ind,none,mean,linear,laptop_smoke_correctness_only,not a result,1,0,32,8,0.001,0,1,64,32,32,-0.9261479587420498,30.36989145539701,38.48211059591641,-0.8165108994220287,24.21914091706276,31.89778488825325,-0.3022381507901795,11713,1.401813507080078,1.401813507080078,,484.8,success,
Buchwald-Hartwig,cv,fullcv01_split70,42,control_mlp,ind/none/mean/mlp,ind,none,mean,mlp,laptop_smoke_correctness_only,not a result,1,0,32,8,0.001,0,1,64,32,32,-1.1307429107389453,29.523254808038477,38.60943346124573,-1.217121502094764,31.859406044706702,40.39740060632524,-0.2604456679562703,13761,1.3260977268218994,1.3260977268218994,,485.0,success,
Buchwald-Hartwig,test,test1,42,control_mlp,ind/none/mean/mlp,ind,none,mean,mlp,laptop_smoke_correctness_only,not a result,1,0,32,8,0.001,0,1,64,32,32,-1.2419851499736012,32.51126395724714,41.51742663003576,-1.1707523682049366,26.558204740285877,34.869575685787474,-0.3046086113222973,13761,1.3266918659210205,1.3266918659210205,,484.9,success,
Suzuki-Miyaura,cv,split_0,42,A_linear,ind/none/rn/linear,ind,none,rn,linear,laptop_smoke_correctness_only,not a result,1,0,32,8,0.001,0,1,64,32,32,-0.2787829954290035,0.2921599172186688,0.3265142037885345,-0.9233710005087612,0.2782337006938178,0.3132459329010003,-0.0277577542175346,17025,1.8876419067382808,1.8876419067382808,,488.3,success,
Suzuki-Miyaura,cv,split_0,42,A_mlp,ind/none/rn/mlp,ind,none,rn,mlp,laptop_smoke_correctness_only,not a result,1,0,32,8,0.001,0,1,64,32,32,-0.2167640587611921,0.2365696671549813,0.318498094590487,-0.1111352013907438,0.1799883900966961,0.2380879207767259,-0.4158057457618608,19073,1.6485400199890137,1.6485400199890137,,488.7,success,
Suzuki-Miyaura,cv,split_0,42,B_linear,ind/reactants/rn/linear,ind,reactants,rn,linear,laptop_smoke_correctness_only,not a result,1,0,32,8,0.001,0,1,64,32,32,-0.0055909836225462,0.2418646299411193,0.2895438450746417,-0.0261043421986706,0.1965782998886425,0.2287966555297965,-0.0232322410769242,20257,1.8359062671661377,1.8359062671661377,,488.3,success,
Suzuki-Miyaura,cv,split_0,42,B_mlp,ind/reactants/rn/mlp,ind,reactants,rn,mlp,laptop_smoke_correctness_only,not a result,1,0,32,8,0.001,0,1,64,32,32,-0.0364483643352004,0.2395321381409303,0.2939527228271252,-0.0113670910422492,0.1905749126162845,0.2271476866015172,-0.0501855476872549,22305,1.8290958404541016,1.8290958404541016,,488.9,success,
Suzuki-Miyaura,cv,split_0,42,approach1_linear,comb/reactants/rn/linear,comb,reactants,rn,linear,laptop_smoke_correctness_only,not a result,1,0,32,8,0.001,0,1,64,32,32,-0.0062095192309679,0.2441757171545759,0.2896328801047181,-0.0565285529348922,0.2012612673279363,0.232163813224014,-0.1035975788671713,20257,2.6958789825439453,2.6958789825439453,,524.6,success,
Suzuki-Miyaura,cv,split_0,42,approach1_mlp,comb/reactants/rn/mlp,comb,reactants,rn,mlp,laptop_smoke_correctness_only,not a result,1,0,32,8,0.001,0,1,64,32,32,-0.1039097484736732,0.2726683233995572,0.3033684665746761,-0.4884554307462816,0.243274320178898,0.2755635852617905,0.1405016147458762,22305,3.1866304874420166,3.1866304874420166,,522.5,success,
Suzuki-Miyaura,cv,split_0,42,approach2,comb/reactants/mean/mlp,comb,reactants,mean,mlp,laptop_smoke_correctness_only,not a result,1,0,32,8,0.001,0,1,64,32,32,-0.0472124906062716,0.2362225539181963,0.2954752160576895,0.0240067778686167,0.183061253541382,0.2231399389522963,0.3934783084004911,16993,1.764515399932861,1.764515399932861,,490.6,success,
Suzuki-Miyaura,cv,split_0,42,approach3,comb/reactants/mean/linear,comb,reactants,mean,linear,laptop_smoke_correctness_only,not a result,1,0,32,8,0.001,0,1,64,32,32,-2.369152114673377,0.4423127259578905,0.5299854683068641,-2.844477628495091,0.3773489154118579,0.4428662431855313,-0.1985907542809311,14945,3.5801680088043213,3.5801680088043213,,489.1,success,
Suzuki-Miyaura,cv,split_0,42,baseline,ind/reactants/mean/linear,ind,reactants,mean,linear,laptop_smoke_correctness_only,not a result,1,0,32,8,0.001,0,1,64,32,32,-2.789221196181412,0.4804914277847274,0.5620547611746683,-3.408464593072157,0.4147991013887804,0.4742393509923031,-0.185371710392908,14945,1.616724967956543,1.616724967956543,,486.7,success,
Suzuki-Miyaura,cv,split_0,42,baseline_mlp,ind/reactants/mean/mlp,ind,reactants,mean,mlp,laptop_smoke_correctness_only,not a result,1,0,32,8,0.001,0,1,64,32,32,-0.0543961702041726,0.264732470655872,0.2964869360166363,-0.360045816576432,0.2345181911077816,0.2634090418227751,0.4059631204270957,16993,1.7345101833343506,1.7345101833343506,,487.6,success,
Suzuki-Miyaura,cv,split_0,42,comb_none_mean_linear,comb/none/mean/linear,comb,none,mean,linear,laptop_smoke_correctness_only,not a result,1,0,32,8,0.001,0,1,64,32,32,-2.2008247775205776,0.4332314281709841,0.5165764485676438,-2.801219528463124,0.3764259691524785,0.4403676270297916,0.2054614994001141,11713,1.7603962421417236,1.7603962421417236,,487.2,success,
Suzuki-Miyaura,cv,split_0,42,comb_none_mean_mlp,comb/none/mean/mlp,comb,none,mean,mlp,laptop_smoke_correctness_only,not a result,1,0,32,8,0.001,0,1,64,32,32,-0.952448932642014,0.3554646371994749,0.4034535059993774,-2.40215030223123,0.3767082135018427,0.416610927599888,0.4291691798066268,13761,2.146801471710205,2.146801471710205,,486.0,success,
Suzuki-Miyaura,cv,split_0,42,comb_none_rn_linear,comb/none/rn/linear,comb,none,rn,linear,laptop_smoke_correctness_only,not a result,1,0,32,8,0.001,0,1,64,32,32,-0.9109027455191958,0.3504052701537148,0.3991378781826585,-2.207980651109169,0.3579803856846411,0.4045477398501442,-0.0580243525431613,17025,2.384798765182495,2.384798765182495,,522.5,success,
Suzuki-Miyaura,cv,split_0,42,comb_none_rn_mlp,comb/none/rn/mlp,comb,none,rn,mlp,laptop_smoke_correctness_only,not a result,1,0,32,8,0.001,0,1,64,32,32,-0.1277562531471316,0.2356499344241456,0.3066276213494062,-0.0176479651573167,0.1804862201970536,0.2278519204344698,0.3499886676315924,19073,2.7540478706359863,2.7540478706359863,,521.9,success,
Suzuki-Miyaura,cv,split_0,42,control_linear,ind/none/mean/linear,ind,none,mean,linear,laptop_smoke_correctness_only,not a result,1,0,32,8,0.001,0,1,64,32,32,-2.9080546271840686,0.4976627734249632,0.5708000006417507,-3.764830499894921,0.4387999308892176,0.4930348713152161,0.2053254157666801,11713,1.6943693161010742,1.6943693161010742,,485.8,success,
Suzuki-Miyaura,cv,split_0,42,control_mlp,ind/none/mean/mlp,ind,none,mean,mlp,laptop_smoke_correctness_only,not a result,1,0,32,8,0.001,0,1,64,32,32,-0.1777395082725206,0.2807400765959755,0.3133489719020038,-0.7388650265215846,0.2643428922456223,0.2978426212940581,0.2526294284920922,13761,1.6577928066253662,1.6577928066253662,,486.2,success,
