dataset,kind,label,cell,reactant_tokens,attention_on,reactant_pooling,head,n_runs,n_failed,trainable_parameters,train_r2_mean,train_r2_std,train_mae_mean,train_mae_std,train_rmse_mean,train_rmse_std,test_r2_mean,test_r2_std,test_r2_pm,test_mae_mean,test_mae_std,test_mae_pm,test_rmse_mean,test_rmse_std,test_rmse_pm,seconds_per_epoch_mean,seconds_per_epoch_std,peak_gpu_mem_mb_mean,peak_gpu_mem_mb_std
Buchwald-Hartwig,cv,baseline,ind/reactants/mean/linear,ind,reactants,mean,linear,1,0,14945,-1.2341244365406991,,30.26698863878846,,39.53498536379515,,-1.3201824775894764,,-1.3202 ± nan,32.45613154582679,,32.4561 ± nan,41.32565497290869,,41.3257 ± nan,1.5731980800628662,,,
Buchwald-Hartwig,cv,baseline_mlp,ind/reactants/mean/mlp,ind,reactants,mean,mlp,1,0,16993,-1.354226776033883,,31.251604441553354,,40.58373844584506,,-1.4414648739353324,,-1.4415 ± nan,33.26832662336528,,33.2683 ± nan,42.39200076357202,,42.3920 ± nan,1.4252915382385254,,,
Buchwald-Hartwig,cv,B_linear,ind/reactants/rn/linear,ind,reactants,rn,linear,1,0,20257,-0.846563425354528,,27.4048164896667,,35.94264368684252,,-0.9245031264968528,,-0.9245 ± nan,29.87245318852365,,29.8725 ± nan,37.63725874013815,,37.6373 ± nan,1.7471258640289309,,,
Buchwald-Hartwig,cv,B_mlp,ind/reactants/rn/mlp,ind,reactants,rn,mlp,1,0,22305,-1.1683495937069814,,29.783063556998968,,38.94866302445926,,-1.2534247423176206,,-1.2534 ± nan,32.04527980647981,,32.0453 ± nan,40.72679207744258,,40.7268 ± nan,1.4869415760040283,,,
Buchwald-Hartwig,cv,control_linear,ind/none/mean/linear,ind,none,mean,linear,1,0,11713,-0.8636550081382357,,27.547062683850527,,36.10860107856661,,-0.9481010059761236,,-0.9481 ± nan,30.12251383624971,,30.1225 ± nan,37.867306028543965,,37.8673 ± nan,1.5792522430419922,,,
Buchwald-Hartwig,cv,control_mlp,ind/none/mean/mlp,ind,none,mean,mlp,1,0,13761,-1.1307429107389453,,29.523254808038477,,38.60943346124573,,-1.217121502094764,,-1.2171 ± nan,31.859406044706702,,31.8594 ± nan,40.39740060632524,,40.3974 ± nan,1.3260977268218994,,,
Buchwald-Hartwig,cv,A_linear,ind/none/rn/linear,ind,none,rn,linear,1,0,17025,-0.9304138605809738,,27.962766174227,,36.74964232227321,,-1.01067833172248,,-1.0107 ± nan,30.47781783901155,,30.4778 ± nan,38.47068975695743,,38.4707 ± nan,1.8634896278381348,,,
Buchwald-Hartwig,cv,A_mlp,ind/none/rn/mlp,ind,none,rn,mlp,1,0,19073,-1.3829842625528346,,31.489598223939534,,40.83085649354381,,-1.4704815535115627,,-1.4705 ± nan,33.45644493587315,,33.4564 ± nan,42.6431700165976,,42.6432 ± nan,1.6822633743286133,,,
Buchwald-Hartwig,cv,approach3,comb/reactants/mean/linear,comb,reactants,mean,linear,1,0,14945,-1.2340880790451028,,30.2667374946177,,39.534663672021686,,-1.3201534226264378,,-1.3202 ± nan,32.45614221505821,,32.4561 ± nan,41.32539621758482,,41.3254 ± nan,1.3447644710540771,,,
Buchwald-Hartwig,cv,approach2,comb/reactants/mean/mlp,comb,reactants,mean,mlp,1,0,16993,-1.3405255125779996,,31.138893838971853,,40.46547033937931,,-1.4276082941291093,,-1.4276 ± nan,33.17972142063081,,33.1797 ± nan,42.27153128988001,,42.2715 ± nan,1.375236749649048,,,
Buchwald-Hartwig,cv,approach1_linear,comb/reactants/rn/linear,comb,reactants,rn,linear,1,0,20257,-0.8618840972273951,,27.50168309733272,,36.0914411661109,,-0.9402387795965584,,-0.9402 ± nan,29.984838193282485,,29.9848 ± nan,37.79081555701072,,37.7908 ± nan,1.5334722995758057,,,
Buchwald-Hartwig,cv,approach1_mlp,comb/reactants/rn/mlp,comb,reactants,rn,mlp,1,0,22305,-1.1623928903603056,,29.73542884364724,,38.895128025359234,,-1.2474002454421722,,-1.2474 ± nan,32.00785758160055,,32.0079 ± nan,40.67231441127108,,40.6723 ± nan,1.3966636657714844,,,
Buchwald-Hartwig,cv,comb_none_mean_linear,comb/none/mean/linear,comb,none,mean,linear,1,0,11713,-0.6706956299870628,,26.386231150478125,,34.1882263987846,,-0.7525803190586628,,-0.7526 ± nan,28.90119949541986,,28.9012 ± nan,35.916800249072686,,35.9168 ± nan,1.349698543548584,,,
Buchwald-Hartwig,cv,comb_none_mean_mlp,comb/none/mean/mlp,comb,none,mean,mlp,1,0,13761,-1.0055935146226642,,28.55641570314765,,37.45841192625,,-1.0919391293980665,,-1.0919 ± nan,31.091410180553797,,31.0914 ± nan,39.2403792291958,,39.2404 ± nan,1.3207213878631592,,,
Buchwald-Hartwig,cv,comb_none_rn_linear,comb/none/rn/linear,comb,none,rn,linear,1,0,17025,-0.9366837315497922,,28.006169501692057,,36.80927428239657,,-1.0172097652037837,,-1.0172 ± nan,30.522464966401454,,30.5225 ± nan,38.53312267430947,,38.5331 ± nan,1.4155921936035156,,,
Buchwald-Hartwig,cv,comb_none_rn_mlp,comb/none/rn/mlp,comb,none,rn,mlp,1,0,19073,-1.3722719301097397,,31.401360232383013,,40.73897876227274,,-1.4596683947441091,,-1.4597 ± nan,33.385634487494826,,33.3856 ± nan,42.549744296705406,,42.5497 ± nan,1.3518452644348145,,,
Buchwald-Hartwig,test,baseline,ind/reactants/mean/linear,ind,reactants,mean,linear,1,0,14945,-1.3109624007635734,,32.94673591665924,,42.15125413497704,,-1.245584940397397,,-1.2456 ± nan,27.069474086165428,,27.0695 ± nan,35.46551449183491,,35.4655 ± nan,1.497743844985962,,,
Buchwald-Hartwig,test,baseline_mlp,ind/reactants/mean/mlp,ind,reactants,mean,mlp,1,0,16993,-1.4080380557916796,,33.61660354398191,,43.02746242872573,,-1.3608983918876936,,-1.3609 ± nan,27.923314079642296,,27.9233 ± nan,36.36471339586806,,36.3647 ± nan,1.3410499095916748,,,
Buchwald-Hartwig,test,B_linear,ind/reactants/rn/linear,ind,reactants,rn,linear,1,0,20257,-0.9289015743372016,,30.38111299835145,,38.509607729416345,,-0.8146522349044683,,-0.8147 ± nan,24.255461245775223,,24.2555 ± nan,31.881461712180943,,31.8815 ± nan,1.508451223373413,,,
Buchwald-Hartwig,test,B_mlp,ind/reactants/rn/mlp,ind,reactants,rn,mlp,1,0,22305,-1.2227769468163077,,32.37085856311023,,41.33919382295196,,-1.146283968386808,,-1.1463 ± nan,26.402729228138924,,26.4027 ± nan,34.672496398376104,,34.6725 ± nan,1.5629184246063232,,,
Buchwald-Hartwig,test,control_linear,ind/none/mean/linear,ind,none,mean,linear,1,0,11713,-0.9261479587420498,,30.36989145539701,,38.48211059591641,,-0.8165108994220287,,-0.8165 ± nan,24.21914091706276,,24.2191 ± nan,31.89778488825325,,31.8978 ± nan,1.401813507080078,,,
Buchwald-Hartwig,test,control_mlp,ind/none/mean/mlp,ind,none,mean,mlp,1,0,13761,-1.2419851499736012,,32.51126395724714,,41.51742663003576,,-1.1707523682049366,,-1.1708 ± nan,26.558204740285877,,26.5582 ± nan,34.869575685787474,,34.8696 ± nan,1.3266918659210205,,,
Buchwald-Hartwig,test,A_linear,ind/none/rn/linear,ind,none,rn,linear,1,0,17025,-1.010115555856875,,30.940701393410563,,39.31194877755816,,-0.9060506802975968,,-0.9061 ± nan,24.83493494987488,,24.8349 ± nan,32.67448437814977,,32.6745 ± nan,2.5464673042297363,,,
Buchwald-Hartwig,test,A_mlp,ind/none/rn/mlp,ind,none,rn,mlp,1,0,19073,-1.4510811532840822,,33.917856419458985,,43.41031190993517,,-1.4111828130877395,,-1.4112 ± nan,28.341671980917454,,28.3417 ± nan,36.74993629363658,,36.7499 ± nan,1.296760082244873,,,
Buchwald-Hartwig,test,approach3,comb/reactants/mean/linear,comb,reactants,mean,linear,1,0,14945,-1.3083475489469871,,32.9300644826144,,42.12740033291698,,-1.2425888276279349,,-1.2426 ± nan,27.049841485917568,,27.0498 ± nan,35.4418471288662,,35.4418 ± nan,1.376232624053955,,,
Buchwald-Hartwig,test,approach2,comb/reactants/mean/mlp,comb,reactants,mean,mlp,1,0,16993,-1.4201529138377254,,33.70177313126624,,43.13556238417835,,-1.3750677919730352,,-1.3751 ± nan,28.041150227189064,,28.0412 ± nan,36.47367517248802,,36.4737 ± nan,1.4511659145355225,,,
Buchwald-Hartwig,test,approach1_linear,comb/reactants/rn/linear,comb,reactants,rn,linear,1,0,20257,-0.9290657816515876,,30.38212597928941,,38.51124685522039,,-0.814736788778389,,-0.8147 ± nan,24.256023228168488,,24.2560 ± nan,31.88220446322748,,31.8822 ± nan,1.6796307563781738,,,
Buchwald-Hartwig,test,approach1_mlp,comb/reactants/rn/mlp,comb,reactants,rn,mlp,1,0,22305,-1.232911143820321,,32.43813650123775,,41.43332452456626,,-1.15771660852148,,-1.1577 ± nan,26.48101206123829,,26.4810 ± nan,34.76471898077625,,34.7647 ± nan,1.4046847820281982,,,
Buchwald-Hartwig,test,comb_none_mean_linear,comb/none/mean/linear,comb,none,mean,linear,1,0,11713,-0.6908610261735508,,28.72934720478952,,36.05520904957252,,-0.5642915976791372,,-0.5643 ± nan,22.391608864068985,,22.3916 ± nan,29.600590659096287,,29.6006 ± nan,1.2991507053375244,,,
Buchwald-Hartwig,test,comb_none_mean_mlp,comb/none/mean/mlp,comb,none,mean,mlp,1,0,13761,-1.1384827829442297,,31.817522114142776,,40.54776679559604,,-1.0547653251039375,,-1.0548 ± nan,25.734103620052338,,25.7341 ± nan,33.925217058651306,,33.9252 ± nan,1.317253589630127,,,
Buchwald-Hartwig,test,comb_none_rn_linear,comb/none/rn/linear,comb,none,rn,linear,1,0,17025,-1.0142242596875963,,30.96967655234039,,39.35210534976283,,-0.9104896115112568,,-0.9105 ± nan,24.86277635395527,,24.8628 ± nan,32.71250945372267,,32.7125 ± nan,1.4421164989471436,,,
Buchwald-Hartwig,test,comb_none_rn_mlp,comb/none/rn/mlp,comb,none,rn,mlp,1,0,19073,-1.4494203631445863,,33.905823117122054,,43.39560255718289,,-1.4090923498173415,,-1.4091 ± nan,28.32274866104126,,28.3227 ± nan,36.73400198740176,,36.7340 ± nan,1.333303689956665,,,
Suzuki-Miyaura,cv,baseline,ind/reactants/mean/linear,ind,reactants,mean,linear,1,0,14945,-2.789221196181412,,0.4804914277847274,,0.5620547611746683,,-3.408464593072157,,-3.4085 ± nan,0.4147991013887804,,0.4148 ± nan,0.4742393509923031,,0.4742 ± nan,1.616724967956543,,,
Suzuki-Miyaura,cv,baseline_mlp,ind/reactants/mean/mlp,ind,reactants,mean,mlp,1,0,16993,-0.0543961702041726,,0.264732470655872,,0.2964869360166363,,-0.360045816576432,,-0.3600 ± nan,0.2345181911077816,,0.2345 ± nan,0.2634090418227751,,0.2634 ± nan,1.7345101833343506,,,
Suzuki-Miyaura,cv,B_linear,ind/reactants/rn/linear,ind,reactants,rn,linear,1,0,20257,-0.0055909836225462,,0.2418646299411193,,0.2895438450746417,,-0.0261043421986706,,-0.0261 ± nan,0.1965782998886425,,0.1966 ± nan,0.2287966555297965,,0.2288 ± nan,1.8359062671661377,,,
Suzuki-Miyaura,cv,B_mlp,ind/reactants/rn/mlp,ind,reactants,rn,mlp,1,0,22305,-0.0364483643352004,,0.2395321381409303,,0.2939527228271252,,-0.0113670910422492,,-0.0114 ± nan,0.1905749126162845,,0.1906 ± nan,0.2271476866015172,,0.2271 ± nan,1.8290958404541016,,,
Suzuki-Miyaura,cv,control_linear,ind/none/mean/linear,ind,none,mean,linear,1,0,11713,-2.9080546271840686,,0.4976627734249632,,0.5708000006417507,,-3.764830499894921,,-3.7648 ± nan,0.4387999308892176,,0.4388 ± nan,0.4930348713152161,,0.4930 ± nan,1.6943693161010742,,,
Suzuki-Miyaura,cv,control_mlp,ind/none/mean/mlp,ind,none,mean,mlp,1,0,13761,-0.1777395082725206,,0.2807400765959755,,0.3133489719020038,,-0.7388650265215846,,-0.7389 ± nan,0.2643428922456223,,0.2643 ± nan,0.2978426212940581,,0.2978 ± nan,1.6577928066253662,,,
Suzuki-Miyaura,cv,A_linear,ind/none/rn/linear,ind,none,rn,linear,1,0,17025,-0.2787829954290035,,0.2921599172186688,,0.3265142037885345,,-0.9233710005087612,,-0.9234 ± nan,0.2782337006938178,,0.2782 ± nan,0.3132459329010003,,0.3132 ± nan,1.8876419067382808,,,
Suzuki-Miyaura,cv,A_mlp,ind/none/rn/mlp,ind,none,rn,mlp,1,0,19073,-0.2167640587611921,,0.2365696671549813,,0.318498094590487,,-0.1111352013907438,,-0.1111 ± nan,0.1799883900966961,,0.1800 ± nan,0.2380879207767259,,0.2381 ± nan,1.6485400199890137,,,
Suzuki-Miyaura,cv,approach3,comb/reactants/mean/linear,comb,reactants,mean,linear,1,0,14945,-2.369152114673377,,0.4423127259578905,,0.5299854683068641,,-2.844477628495091,,-2.8445 ± nan,0.3773489154118579,,0.3773 ± nan,0.4428662431855313,,0.4429 ± nan,3.5801680088043213,,,
Suzuki-Miyaura,cv,approach2,comb/reactants/mean/mlp,comb,reactants,mean,mlp,1,0,16993,-0.0472124906062716,,0.2362225539181963,,0.2954752160576895,,0.0240067778686167,,0.0240 ± nan,0.183061253541382,,0.1831 ± nan,0.2231399389522963,,0.2231 ± nan,1.764515399932861,,,
Suzuki-Miyaura,cv,approach1_linear,comb/reactants/rn/linear,comb,reactants,rn,linear,1,0,20257,-0.0062095192309679,,0.2441757171545759,,0.2896328801047181,,-0.0565285529348922,,-0.0565 ± nan,0.2012612673279363,,0.2013 ± nan,0.232163813224014,,0.2322 ± nan,2.6958789825439453,,,
Suzuki-Miyaura,cv,approach1_mlp,comb/reactants/rn/mlp,comb,reactants,rn,mlp,1,0,22305,-0.1039097484736732,,0.2726683233995572,,0.3033684665746761,,-0.4884554307462816,,-0.4885 ± nan,0.243274320178898,,0.2433 ± nan,0.2755635852617905,,0.2756 ± nan,3.1866304874420166,,,
Suzuki-Miyaura,cv,comb_none_mean_linear,comb/none/mean/linear,comb,none,mean,linear,1,0,11713,-2.2008247775205776,,0.4332314281709841,,0.5165764485676438,,-2.801219528463124,,-2.8012 ± nan,0.3764259691524785,,0.3764 ± nan,0.4403676270297916,,0.4404 ± nan,1.7603962421417236,,,
Suzuki-Miyaura,cv,comb_none_mean_mlp,comb/none/mean/mlp,comb,none,mean,mlp,1,0,13761,-0.952448932642014,,0.3554646371994749,,0.4034535059993774,,-2.40215030223123,,-2.4022 ± nan,0.3767082135018427,,0.3767 ± nan,0.416610927599888,,0.4166 ± nan,2.146801471710205,,,
Suzuki-Miyaura,cv,comb_none_rn_linear,comb/none/rn/linear,comb,none,rn,linear,1,0,17025,-0.9109027455191958,,0.3504052701537148,,0.3991378781826585,,-2.207980651109169,,-2.2080 ± nan,0.3579803856846411,,0.3580 ± nan,0.4045477398501442,,0.4045 ± nan,2.384798765182495,,,
Suzuki-Miyaura,cv,comb_none_rn_mlp,comb/none/rn/mlp,comb,none,rn,mlp,1,0,19073,-0.1277562531471316,,0.2356499344241456,,0.3066276213494062,,-0.0176479651573167,,-0.0176 ± nan,0.1804862201970536,,0.1805 ± nan,0.2278519204344698,,0.2279 ± nan,2.7540478706359863,,,
