dataset,split,seed,label,reactant_tokens,head,attention_on,train_r2,train_mae,train_rmse,test_r2,test_mae,test_rmse,trainable_parameters,epochs_ran,train_runtime_sec,seconds_per_epoch,status,error
bh,fullcv01_split70,42,current_model,ind,linear,reactants,0.07520424691728822,21.105317622359614,26.094031595106124,0.09212764231707204,21.36502245098679,26.278922010398134,1395841,28,29.5370671749115,1.0548952562468392,success,
bh,fullcv01_split70,42,approach_3,comb,linear,reactants,0.06252564148076312,21.418076234446808,26.272292431164114,0.04977366483298673,22.156395579725128,26.884915803385066,1395841,29,30.591569900512695,1.0548817207073342,success,
bh,fullcv01_split70,42,approach_2,comb,mlp,reactants,0.44497330291514414,15.126294820504027,20.215068032991635,0.40130260955903174,16.12994656443797,21.340217036935677,1690753,74,80.21659421920776,1.084008029989294,success,
bh,fullcv01_split70,42,mlp_control,ind,mlp,reactants,0.12930216968615382,20.21124513373332,25.319317901844144,0.13361784434124835,20.887011373128423,25.671420399336704,1690753,64,69.25570344924927,1.0821203663945198,success,
bh,fullcv02_split70,42,current_model,ind,linear,reactants,-0.02650816757534713,23.37038524907317,27.884244234354526,-0.003300645942935887,22.43149626920378,26.79118592157554,1395841,19,19.82228946685791,1.0432783929925216,success,
bh,fullcv02_split70,42,approach_3,comb,linear,reactants,-0.05034444055029197,23.494936337612273,28.20613264389342,-0.023703571003780066,22.517622783114756,27.062225056867224,1395841,14,14.78940749168396,1.0563862494059972,success,
bh,fullcv02_split70,42,approach_2,comb,mlp,reactants,0.1493611068024162,20.741774911464713,25.383429089121268,0.10376484177423206,20.736584763945707,25.321380577902087,1690753,33,35.51697516441345,1.0762719746791956,success,
bh,fullcv02_split70,42,mlp_control,ind,mlp,reactants,-0.14067103155757588,23.95778206066987,29.393945158618752,-0.10586942178741565,22.86106502349475,28.127317604328997,1690753,11,11.460339069366455,1.0418490063060413,success,
bh,fullcv03_split70,42,current_model,ind,linear,reactants,0.1418402899409702,20.957576887940053,25.38100221021871,0.11459157895210959,21.02908942970685,25.485587207359078,1395841,57,62.14275050163269,1.0902236930110998,success,
bh,fullcv03_split70,42,approach_3,comb,linear,reactants,0.16942969446431877,20.550322773210954,24.969675970397713,0.16929218056411155,20.315754902454152,24.68578656086501,1395841,37,39.269556283950806,1.0613393590256974,success,
bh,fullcv03_split70,42,approach_2,comb,mlp,reactants,0.21723545266476274,19.012117970410312,24.240427809497827,0.18026601281121213,19.375387635830517,24.522192161482305,1690753,38,41.451834201812744,1.090837742152967,success,
bh,fullcv03_split70,42,mlp_control,ind,mlp,reactants,0.13658891387662708,20.380356069392512,25.458541334289226,0.11466578767752178,20.514767117288336,25.484519173371808,1690753,33,35.227983713150024,1.0675146579742432,success,
bh,fullcv04_split70,42,current_model,ind,linear,reactants,0.11398250375778485,21.538240321616883,25.786304108869732,0.07960974797049147,21.46872407886519,26.036674773908665,1395841,21,21.99364686012268,1.047316517148699,success,
bh,fullcv04_split70,42,approach_3,comb,linear,reactants,0.15812466014564586,20.83506827151447,25.135749834350793,0.12797062065262066,20.718860726656036,25.343411285531097,1395841,22,23.680535554885864,1.0763879797675393,success,
bh,fullcv04_split70,42,approach_2,comb,mlp,reactants,0.1882209431046057,20.374383002865816,24.682370809870392,0.16885280428034877,20.464121659469132,24.74220979687185,1690753,29,31.677781343460083,1.0923372877055202,success,
bh,fullcv04_split70,42,mlp_control,ind,mlp,reactants,0.21280087669168601,20.23721384982919,24.30581858389242,0.1784221980578723,20.590622607866504,24.59936301415812,1690753,33,35.35921812057495,1.071491458199241,success,
bh,fullcv05_split70,42,current_model,ind,linear,reactants,0.020086014779374994,22.15538147394779,26.835009393821426,0.03378756238053082,22.74028403885041,27.274459027404276,1395841,13,13.805870294570923,1.0619900226593018,success,
bh,fullcv05_split70,42,approach_3,comb,linear,reactants,0.05619564438666502,21.834960013115797,26.33593625395073,0.07174401105166217,22.37873930524856,26.733370262381282,1395841,20,21.003608226776123,1.0501804113388062,success,
bh,fullcv05_split70,42,approach_2,comb,mlp,reactants,0.03427191274544317,21.94745881679243,26.64006039049765,0.04868752273952914,22.523467875044187,27.063342264182875,1690753,15,16.300979375839233,1.0867319583892823,success,
bh,fullcv05_split70,42,mlp_control,ind,mlp,reactants,0.01736645180319285,22.0620478341421,26.872221299208963,0.03187161451836085,22.644454864940425,27.30148753565397,1690753,15,16.291980981826782,1.0861320654551188,success,
bh,fullcv06_split70,42,current_model,ind,linear,reactants,0.21981536705439997,20.175805621300775,24.2465918290375,0.17339079208056163,20.715610426448116,24.645126497126455,1395841,40,43.5704460144043,1.0892611503601075,success,
bh,fullcv06_split70,42,approach_3,comb,linear,reactants,0.22574225470949827,20.0200920116107,24.154318289883086,0.19181445292322175,20.261477986432254,24.36893065151526,1395841,41,44.013861417770386,1.0735088150675705,success,
bh,fullcv06_split70,42,approach_2,comb,mlp,reactants,0.1718314475736914,20.916587216997186,24.981089378779636,0.15632302972120726,20.92895206789429,24.898261817302444,1690753,23,25.398335218429565,1.1042754442795464,success,
bh,fullcv06_split70,42,mlp_control,ind,mlp,reactants,0.2114970099354414,19.508614848448254,24.375508137402974,0.20650857481728957,19.251836415017753,24.14638112428882,1690753,75,81.34363460540771,1.0845817947387695,success,
bh,fullcv07_split70,42,current_model,ind,linear,reactants,0.10854088478100388,21.315723684140444,25.731988836238408,0.11518415982341346,21.201285259567495,25.61557223389487,1395841,30,33.390958309173584,1.1130319436391194,success,
bh,fullcv07_split70,42,approach_3,comb,linear,reactants,0.15949777982568736,20.559550009900423,24.985731678437237,0.13073601571886173,20.88220676693127,25.38945980555693,1395841,55,59.99348711967468,1.090790674903176,success,
bh,fullcv07_split70,42,approach_2,comb,mlp,reactants,0.20702241188816028,19.348391048615444,24.269067848681907,0.1820656242132408,19.613608711553706,24.62843684063148,1690753,60,65.52872109413147,1.0921453515688577,success,
bh,fullcv07_split70,42,mlp_control,ind,mlp,reactants,0.16123392643877354,19.919360470571842,24.95991299736721,0.15176189972770338,20.145418734500765,25.080518210735868,1690753,44,47.65350031852722,1.083034098148346,success,
bh,fullcv08_split70,42,current_model,ind,linear,reactants,0.3850333991337309,16.403228798834814,21.388689424691858,0.37460601068940236,16.39673255836527,21.32878666971121,1395841,42,44.798144817352295,1.0666224956512451,success,
bh,fullcv08_split70,42,approach_3,comb,linear,reactants,0.45393559734672584,15.448930470675188,20.154885841692177,0.44160305084062446,15.17727664250507,20.153979729030187,1395841,58,62.812450647354126,1.082973287023347,success,
bh,fullcv08_split70,42,approach_2,comb,mlp,reactants,0.1176519162554539,21.196301063383615,25.619956198645934,0.12149078196992169,20.945371054740594,25.279149622266292,1690753,23,25.603387117385864,1.113190744234168,success,
bh,fullcv08_split70,42,mlp_control,ind,mlp,reactants,0.12971847831261762,20.711906677493335,25.44417012576713,0.1479697524567195,20.186488279076364,24.895267971677566,1690753,50,53.264545917510986,1.0652909183502197,success,
bh,fullcv09_split70,42,current_model,ind,linear,reactants,0.12932750474364463,21.43174399999623,25.374956864069404,0.1373423951160676,21.44450013439164,25.49584602469371,1395841,33,35.26904892921448,1.0687590584610447,success,
bh,fullcv09_split70,42,approach_3,comb,linear,reactants,0.1976970331775949,20.45055368607277,24.35830696217877,0.21419525839205888,20.31039929430596,24.33366487181796,1395841,43,47.224783182144165,1.0982507716777712,success,
bh,fullcv09_split70,42,approach_2,comb,mlp,reactants,0.1192916293769084,21.180111528555585,25.520781077898246,0.151089213456717,21.058236192235537,25.291886604291022,1690753,22,24.10916757583618,1.0958712534470991,success,
bh,fullcv09_split70,42,mlp_control,ind,mlp,reactants,0.11025867704851244,22.09234496620897,25.651323671846434,0.11882621653571912,22.22433304425608,25.76801614070915,1690753,25,27.105978965759277,1.084239158630371,success,
bh,fullcv10_split70,42,current_model,ind,linear,reactants,0.11755280817016611,21.718966068996814,25.531867449161776,0.1735855463991134,21.34108032670779,25.036463663324202,1395841,34,36.18020963668823,1.0641238128437716,success,
bh,fullcv10_split70,42,approach_3,comb,linear,reactants,-0.12904430509869624,23.423568085015464,28.87976870138288,-0.10649244493040011,23.48793470966704,28.969984327647445,1395841,11,11.19546103477478,1.0177691849795254,success,
bh,fullcv10_split70,42,approach_2,comb,mlp,reactants,0.3695059432038923,16.973233503953896,21.581355411584582,0.36790498165247654,17.192672090027433,21.896021839930945,1690753,86,94.74788212776184,1.1017195596251377,success,
bh,fullcv10_split70,42,mlp_control,ind,mlp,reactants,0.3572437952241253,16.429567048087602,21.79020706682618,0.37264653979176576,16.41635134293154,21.813742522082197,1690753,46,49.93774962425232,1.0856032527011374,success,
bh,test1,42,current_model,ind,linear,reactants,0.05992845534151903,21.43725530539983,26.26551276975992,-0.03182324338277165,22.34575553522461,27.695450839585497,1395841,31,34.5509512424469,1.1145468142724806,success,
bh,test1,42,approach_3,comb,linear,reactants,0.11791098810886602,21.252851464687495,25.442608561377874,0.07905655832676062,21.56836658350733,26.16509196523279,1395841,28,31.217257499694824,1.1149020535605294,success,
bh,test1,42,approach_2,comb,mlp,reactants,0.16935516916992444,20.563057151265024,24.68954654319574,0.15980813978848718,20.85298466509667,24.99165521340081,1690753,30,34.64085507392883,1.154695169130961,success,
bh,test1,42,mlp_control,ind,mlp,reactants,0.3377414947554551,16.46843159351387,22.04546189152128,0.4066035796201495,15.560877021206927,21.002850781761758,1690753,61,68.92057943344116,1.129845564482642,success,
bh,test2,42,current_model,ind,linear,reactants,0.14609484763405367,21.562120270779864,25.24712940642107,0.17562278198728432,21.02643328697915,24.608266205048366,1395841,28,31.27818202972412,1.1170779296330042,success,
bh,test2,42,approach_3,comb,linear,reactants,0.05794352982388251,21.97243820741705,26.51829865341582,0.06166438925842743,21.73117041135325,26.25409937672605,1395841,17,18.909708976745605,1.1123358221615063,success,
bh,test2,42,approach_2,comb,mlp,reactants,0.1331601657043613,21.455948749506337,25.437628430831516,0.19398400001553018,20.633464240374767,24.332675084449203,1690753,31,35.33270239830017,1.1397645934935539,success,
bh,test2,42,mlp_control,ind,mlp,reactants,0.15336111139275765,21.061595679160547,25.13948030753789,0.20472549545851226,20.370893433822673,24.169994713179907,1690753,41,47.34987449645996,1.1548749877185356,success,
bh,test3,42,current_model,ind,linear,reactants,0.21437595726666703,20.02441219394689,23.941403974199957,0.18515081431548142,21.190577575171897,25.36807200266336,1395841,56,64.32306599617004,1.1486261785030365,success,
bh,test3,42,approach_3,comb,linear,reactants,0.20642165824196923,20.003464573214174,24.062299889899453,0.17871668518193573,21.220251470305293,25.46802946514709,1395841,48,55.17536902427673,1.149486854672432,success,
bh,test3,42,approach_2,comb,mlp,reactants,0.05777409269280187,21.674133824727836,26.219219086429224,0.09269868066000075,21.718016450991854,26.768535700810883,1690753,23,25.946017742156982,1.1280877279198689,success,
bh,test3,42,mlp_control,ind,mlp,reactants,0.165720490555613,20.77570377901072,24.671640059115866,0.230476064988825,20.74317949800752,24.652439973869885,1690753,35,39.60077476501465,1.1314507075718472,success,
bh,test4,42,current_model,ind,linear,reactants,0.180159679989237,20.595416250661692,24.755881369737686,0.11336178911446415,20.924084364812618,24.903563331604612,1395841,48,53.60546135902405,1.1167804449796677,success,
bh,test4,42,approach_3,comb,linear,reactants,0.08885541374810513,21.31871995691752,26.09801075679735,0.053846885837476544,21.49691212088599,25.72580552719592,1395841,28,31.859302043914795,1.1378322158540999,success,
bh,test4,42,approach_2,comb,mlp,reactants,0.21473238487038893,19.462437711975113,24.228280884228898,0.14833164669749788,20.13592435577853,24.407512793904495,1690753,51,58.01473927497864,1.1375439073525222,success,
bh,test4,42,mlp_control,ind,mlp,reactants,0.1427602959951043,20.619440599007362,25.314240107046338,0.03998683106523371,21.386862181491725,25.913547206385008,1690753,61,68.98864769935608,1.130961437694362,success,
