dataset,kind,split_column,status,seed,best_epoch,n_train,n_valid,n_test,test_mae,test_rmse,test_r2,test_pearson,train_runtime_sec,error
fullcv01_split70,cv,split_70,success,42,2,2491,277,1187,23.75144419048951,29.745006013521284,-0.16315561959233,0.2432444553370547,15.9,
fullcv02_split70,cv,split_70,success,42,7,2491,277,1187,22.697631864986604,27.84135857723098,-0.0834978725113624,0.2584508522796904,21.7,
fullcv03_split70,cv,split_70,success,42,29,2491,277,1187,21.722425439083523,26.310489317872378,0.0563472511071223,0.3566487967183881,49.5,
fullcv04_split70,cv,split_70,success,42,20,2491,277,1187,19.814511261378254,24.73914476365978,0.1690587144225537,0.4813870614564965,38.2,
fullcv05_split70,cv,split_70,success,42,4,2491,277,1187,22.92232690230577,26.9918347473552,0.0537080499328148,0.2532552754535142,18.2,
fullcv06_split70,cv,split_70,success,42,29,2491,277,1187,21.19029239478357,25.52775095031934,0.1131233027360661,0.4335050239117684,49.8,
fullcv07_split70,cv,split_70,success,42,9,2491,277,1187,22.35676785704712,27.10267093623848,0.0094669996883278,0.2591119877763804,24.8,
fullcv08_split70,cv,split_70,success,42,32,2491,277,1187,20.81038124155702,24.50295277808416,0.1746118145646387,0.423247323383075,53.3,
fullcv09_split70,cv,split_70,success,42,19,2491,277,1187,21.03710814434705,24.691224906351668,0.1909322864758038,0.4555118091152729,36.7,
fullcv10_split70,cv,split_70,success,42,24,2491,277,1187,21.39779747784508,25.29814306114934,0.1562200123506745,0.4038627201454009,43.0,
test1,test,split,success,42,38,2752,306,897,18.937463078477577,24.259349653664824,0.2083253539151944,0.5277409452183687,63.6,
test2,test,split,success,42,47,2750,306,899,18.71707547677305,23.71031240291242,0.2346880382772201,0.5141091458197595,76.3,
test3,test,split,success,42,31,2753,306,896,22.030788976200192,25.953358368566946,0.1471170358991937,0.427653644174625,55.2,
test4,test,split,success,42,4,2750,306,899,22.346934570527914,26.959364165120334,-0.03906507818387439,0.1644322194266647,19.3,
